{
  "annotations": {
    "list": [
      {
        "builtIn": 1,
        "datasource": "-- Grafana --",
        "enable": true,
        "hide": true,
        "iconColor": "rgba(0, 211, 255, 1)",
        "name": "Annotations & Alerts",
        "type": "dashboard"
      }
    ]
  },
  "description": "服务流量监控",
  "editable": true,
  "gnetId": null,
  "graphTooltip": 0,
  "id": 20,
  "iteration": 1633938468228,
  "links": [],
  "panels": [
    {
      "datasource": null,
      "description": "",
      "fieldConfig": {
        "defaults": {
          "custom": {
            "align": null
          },
          "decimals": 3,
          "mappings": [],
          "thresholds": {
            "mode": "absolute",
            "steps": [
              {
                "color": "green",
                "value": null
              }
            ]
          },
          "unit": "none"
        },
        "overrides": []
      },
      "gridPos": {
        "h": 5,
        "w": 7,
        "x": 0,
        "y": 0
      },
      "id": 16,
      "maxDataPoints": 100,
      "options": {
        "colorMode": "value",
        "graphMode": "none",
        "justifyMode": "auto",
        "orientation": "auto",
        "reduceOptions": {
          "calcs": [
            "mean"
          ],
          "fields": "",
          "values": false
        }
      },
      "pluginVersion": "7.0.4",
      "targets": [
        {
          "expr": "sum(femas_http_client_requests_seconds_count{local_namespace=\"$namespaceId\",local_service=~\"$upstream\",remote_service=~\"$serviceName\"})",
          "interval": "",
          "intervalFactor": 1,
          "legendFormat": "",
          "refId": "A"
        }
      ],
      "timeFrom": null,
      "timeShift": null,
      "title": "请求量",
      "type": "stat"
    },
    {
      "datasource": null,
      "fieldConfig": {
        "defaults": {
          "custom": {},
          "decimals": 2,
          "mappings": [],
          "noValue": "0",
          "thresholds": {
            "mode": "absolute",
            "steps": [
              {
                "color": "green",
                "value": null
              },
              {
                "color": "red",
                "value": 50
              }
            ]
          },
          "unit": "percent"
        },
        "overrides": []
      },
      "gridPos": {
        "h": 5,
        "w": 7,
        "x": 7,
        "y": 0
      },
      "id": 18,
      "options": {
        "colorMode": "value",
        "graphMode": "none",
        "justifyMode": "auto",
        "orientation": "auto",
        "reduceOptions": {
          "calcs": [
            "lastNotNull"
          ],
          "fields": "",
          "values": false
        }
      },
      "pluginVersion": "7.0.4",
      "targets": [
        {
          "expr": "sum(femas_http_client_requests_seconds_count{local_namespace=\"$namespaceId\",local_service=~\"$upstream\",remote_service=~\"$serviceName\",http_status=~\"4..|5..\"})/sum(femas_http_client_requests_seconds_count{local_namespace=\"$namespaceId\",local_service=~\"$upstream\",remote_service=~\"$serviceName\"})*100",
          "interval": "",
          "legendFormat": "",
          "refId": "A"
        }
      ],
      "timeFrom": null,
      "timeShift": null,
      "title": "错误率(%)",
      "type": "stat"
    },
    {
      "datasource": null,
      "fieldConfig": {
        "defaults": {
          "custom": {},
          "mappings": [],
          "thresholds": {
            "mode": "absolute",
            "steps": [
              {
                "color": "green",
                "value": null
              },
              {
                "color": "red",
                "value": 80
              }
            ]
          }
        },
        "overrides": []
      },
      "gridPos": {
        "h": 5,
        "w": 8,
        "x": 14,
        "y": 0
      },
      "id": 20,
      "options": {
        "colorMode": "value",
        "graphMode": "none",
        "justifyMode": "auto",
        "orientation": "auto",
        "reduceOptions": {
          "calcs": [
            "mean"
          ],
          "fields": "",
          "values": false
        }
      },
      "pluginVersion": "7.0.4",
      "targets": [
        {
          "expr": "sum(femas_http_client_requests_seconds_sum{local_namespace=\"$namespaceId\",local_service=~\"$upstream\",remote_service=~\"$serviceName\"})/sum(femas_http_client_requests_seconds_count{local_namespace=\"$namespaceId\",local_service=~\"$upstream\",remote_service=~\"$serviceName\"})*1000",
          "interval": "",
          "legendFormat": "",
          "refId": "A"
        }
      ],
      "timeFrom": null,
      "timeShift": null,
      "title": "平均响应耗时(ms)",
      "type": "stat"
    },
    {
      "collapsed": false,
      "datasource": null,
      "gridPos": {
        "h": 1,
        "w": 24,
        "x": 0,
        "y": 5
      },
      "id": 4,
      "panels": [],
      "title": "请求概览",
      "type": "row"
    },
    {
      "aliasColors": {},
      "bars": false,
      "dashLength": 10,
      "dashes": false,
      "datasource": null,
      "decimals": null,
      "fieldConfig": {
        "defaults": {
          "custom": {}
        },
        "overrides": []
      },
      "fill": 1,
      "fillGradient": 0,
      "gridPos": {
        "h": 8,
        "w": 10,
        "x": 1,
        "y": 6
      },
      "hiddenSeries": false,
      "id": 2,
      "interval": "",
      "legend": {
        "avg": false,
        "current": false,
        "max": false,
        "min": false,
        "show": true,
        "total": false,
        "values": false
      },
      "lines": true,
      "linewidth": 1,
      "nullPointMode": "null",
      "options": {
        "dataLinks": []
      },
      "percentage": false,
      "pointradius": 2,
      "points": false,
      "renderer": "flot",
      "seriesOverrides": [],
      "spaceLength": 10,
      "stack": false,
      "steppedLine": false,
      "targets": [
        {
          "expr": "sum(increase(femas_http_client_requests_seconds_count{local_namespace=\"$namespaceId\",local_service=~\"$upstream\",remote_service=~\"$serviceName\"}[1m])) by(local_service)",
          "interval": "",
          "legendFormat": "上游服务_{{local_service}}",
          "refId": "A"
        },
        {
          "expr": "sum(increase(femas_http_client_requests_seconds_count{local_namespace=\"$namespaceId\",remote_service=~\"$serviceName\"}[1m]))",
          "interval": "",
          "legendFormat": "总数",
          "refId": "B"
        }
      ],
      "thresholds": [],
      "timeFrom": null,
      "timeRegions": [],
      "timeShift": null,
      "title": "请求数(次)",
      "tooltip": {
        "shared": true,
        "sort": 0,
        "value_type": "individual"
      },
      "type": "graph",
      "xaxis": {
        "buckets": null,
        "mode": "time",
        "name": null,
        "show": true,
        "values": []
      },
      "yaxes": [
        {
          "$$hashKey": "object:1480",
          "format": "short",
          "label": null,
          "logBase": 1,
          "max": null,
          "min": null,
          "show": true
        },
        {
          "$$hashKey": "object:1481",
          "format": "short",
          "label": null,
          "logBase": 1,
          "max": null,
          "min": null,
          "show": true
        }
      ],
      "yaxis": {
        "align": false,
        "alignLevel": null
      }
    },
    {
      "aliasColors": {
        "error_rate": "dark-red"
      },
      "bars": false,
      "dashLength": 10,
      "dashes": false,
      "datasource": null,
      "fieldConfig": {
        "defaults": {
          "custom": {}
        },
        "overrides": []
      },
      "fill": 1,
      "fillGradient": 0,
      "gridPos": {
        "h": 8,
        "w": 11,
        "x": 11,
        "y": 6
      },
      "hiddenSeries": false,
      "id": 22,
      "legend": {
        "avg": false,
        "current": false,
        "hideEmpty": false,
        "hideZero": false,
        "max": false,
        "min": false,
        "show": true,
        "total": false,
        "values": false
      },
      "lines": true,
      "linewidth": 1,
      "nullPointMode": "null",
      "options": {
        "dataLinks": []
      },
      "percentage": false,
      "pointradius": 2,
      "points": false,
      "renderer": "flot",
      "seriesOverrides": [],
      "spaceLength": 10,
      "stack": false,
      "steppedLine": false,
      "targets": [
        {
          "expr": "sum(femas_http_client_requests_seconds_count{local_namespace=\"$namespaceId\",local_service=~\"$upstream\",remote_service=~\"$serviceName\",http_status=~\"4..|5..\"})/sum(femas_http_client_requests_seconds_count{local_namespace=\"$namespaceId\",remote_service=~\"$serviceName\"})*100",
          "interval": "",
          "legendFormat": "avg",
          "refId": "A"
        },
        {
          "expr": "sum(femas_http_client_requests_seconds_count{local_namespace=\"$namespaceId\",remote_service=~\"$serviceName\",http_status=~\"4..|5..\"})by(local_service)/sum(femas_http_client_requests_seconds_count{local_namespace=\"$namespaceId\",remote_service=~\"$serviceName\"})by(local_service)*100 ",
          "interval": "",
          "legendFormat": "上游服务_{{local_service}}",
          "refId": "B"
        }
      ],
      "thresholds": [],
      "timeFrom": null,
      "timeRegions": [],
      "timeShift": null,
      "title": "错误率(%)",
      "tooltip": {
        "shared": true,
        "sort": 0,
        "value_type": "individual"
      },
      "type": "graph",
      "xaxis": {
        "buckets": null,
        "mode": "time",
        "name": null,
        "show": true,
        "values": []
      },
      "yaxes": [
        {
          "$$hashKey": "object:3733",
          "format": "short",
          "label": null,
          "logBase": 1,
          "max": null,
          "min": null,
          "show": true
        },
        {
          "$$hashKey": "object:3734",
          "format": "short",
          "label": null,
          "logBase": 1,
          "max": null,
          "min": null,
          "show": true
        }
      ],
      "yaxis": {
        "align": false,
        "alignLevel": null
      }
    },
    {
      "aliasColors": {},
      "bars": false,
      "dashLength": 10,
      "dashes": false,
      "datasource": null,
      "fieldConfig": {
        "defaults": {
          "custom": {}
        },
        "overrides": []
      },
      "fill": 1,
      "fillGradient": 0,
      "gridPos": {
        "h": 7,
        "w": 10,
        "x": 1,
        "y": 14
      },
      "hiddenSeries": false,
      "id": 8,
      "legend": {
        "avg": false,
        "current": false,
        "max": false,
        "min": false,
        "show": true,
        "total": false,
        "values": false
      },
      "lines": true,
      "linewidth": 1,
      "nullPointMode": "null",
      "options": {
        "dataLinks": []
      },
      "percentage": false,
      "pointradius": 2,
      "points": false,
      "renderer": "flot",
      "seriesOverrides": [],
      "spaceLength": 10,
      "stack": false,
      "steppedLine": false,
      "targets": [
        {
          "expr": "sum(femas_http_client_requests_seconds_sum{local_namespace=\"$namespaceId\",local_service=~\"$upstream\",remote_service=~\"$serviceName\"})/sum(femas_http_client_requests_seconds_count{local_namespace=\"$namespaceId\",local_service=~\"$upstream\",remote_service=~\"$serviceName\"})*1000",
          "interval": "",
          "legendFormat": "平均值",
          "refId": "A"
        },
        {
          "expr": "avg(femas_http_client_requests_seconds{local_namespace=\"$namespaceId\",local_service=~\"$upstream\",remote_service=~\"$serviceName\",quantile=\"0.5\"})*1000",
          "interval": "",
          "legendFormat": "p50",
          "refId": "B"
        },
        {
          "expr": "avg(femas_http_client_requests_seconds{local_namespace=\"$namespaceId\",local_service=~\"$upstream\",remote_service=~\"$serviceName\",quantile=\"0.75\"})*1000",
          "interval": "",
          "legendFormat": "p75",
          "refId": "C"
        },
        {
          "expr": "avg(femas_http_client_requests_seconds{local_namespace=\"$namespaceId\",local_service=~\"$upstream\",remote_service=~\"$serviceName\",quantile=\"0.9\"})*1000",
          "interval": "",
          "legendFormat": "p90",
          "refId": "D"
        },
        {
          "expr": "avg(femas_http_client_requests_seconds{local_namespace=\"$namespaceId\",local_service=~\"$upstream\",remote_service=~\"$serviceName\",quantile=\"0.99\"})*1000",
          "interval": "",
          "legendFormat": "p99",
          "refId": "E"
        }
      ],
      "thresholds": [],
      "timeFrom": null,
      "timeRegions": [],
      "timeShift": null,
      "title": "响应耗时(毫秒)",
      "tooltip": {
        "shared": true,
        "sort": 0,
        "value_type": "individual"
      },
      "type": "graph",
      "xaxis": {
        "buckets": null,
        "mode": "time",
        "name": null,
        "show": true,
        "values": []
      },
      "yaxes": [
        {
          "format": "short",
          "label": null,
          "logBase": 1,
          "max": null,
          "min": null,
          "show": true
        },
        {
          "format": "short",
          "label": null,
          "logBase": 1,
          "max": null,
          "min": null,
          "show": true
        }
      ],
      "yaxis": {
        "align": false,
        "alignLevel": null
      }
    },
    {
      "aliasColors": {
        "Value": "red"
      },
      "bars": false,
      "dashLength": 10,
      "dashes": false,
      "datasource": null,
      "fieldConfig": {
        "defaults": {
          "custom": {}
        },
        "overrides": []
      },
      "fill": 1,
      "fillGradient": 0,
      "gridPos": {
        "h": 6,
        "w": 11,
        "x": 11,
        "y": 14
      },
      "hiddenSeries": false,
      "id": 14,
      "legend": {
        "avg": false,
        "current": false,
        "max": false,
        "min": false,
        "show": true,
        "total": false,
        "values": false
      },
      "lines": true,
      "linewidth": 1,
      "nullPointMode": "null",
      "options": {
        "dataLinks": []
      },
      "percentage": false,
      "pointradius": 2,
      "points": false,
      "renderer": "flot",
      "seriesOverrides": [],
      "spaceLength": 10,
      "stack": false,
      "steppedLine": false,
      "targets": [
        {
          "expr": "sum(increase(femas_http_client_requests_seconds_count{local_namespace=\"$namespaceId\",local_service=~\"$upstream\",remote_service=~\"$serviceName\",http_status=~\"2..\"}[1m]))",
          "hide": false,
          "interval": "",
          "legendFormat": "2xx",
          "refId": "A"
        },
        {
          "expr": "sum(increase(femas_http_client_requests_seconds_count{local_namespace=\"$namespaceId\",local_service=~\"$upstream\",remote_service=~\"$serviceName\",http_status=~\"3..\"}[1m]))",
          "interval": "",
          "legendFormat": "3xx",
          "refId": "B"
        },
        {
          "expr": "sum(increase(femas_http_client_requests_seconds_count{local_namespace=\"$namespaceId\",local_service=~\"$upstream\",remote_service=~\"$serviceName\",http_status=~\"4..\"}[1m]))",
          "interval": "",
          "legendFormat": "4xx",
          "refId": "C"
        },
        {
          "expr": "sum(increase(femas_http_client_requests_seconds_count{local_namespace=\"$namespaceId\",local_service=~\"$upstream\",remote_service=~\"$serviceName\",http_status=~\"5..\"}[1m]))",
          "interval": "",
          "legendFormat": "5xx",
          "refId": "D"
        }
      ],
      "thresholds": [],
      "timeFrom": null,
      "timeRegions": [],
      "timeShift": null,
      "title": "HTTP(次数)",
      "tooltip": {
        "shared": true,
        "sort": 0,
        "value_type": "individual"
      },
      "type": "graph",
      "xaxis": {
        "buckets": null,
        "mode": "time",
        "name": null,
        "show": true,
        "values": []
      },
      "yaxes": [
        {
          "format": "short",
          "label": null,
          "logBase": 1,
          "max": null,
          "min": null,
          "show": true
        },
        {
          "format": "short",
          "label": null,
          "logBase": 1,
          "max": null,
          "min": null,
          "show": true
        }
      ],
      "yaxis": {
        "align": false,
        "alignLevel": null
      }
    }
  ],
  "refresh": false,
  "schemaVersion": 25,
  "style": "dark",
  "tags": [],
  "templating": {
    "list": [
      {
        "allValue": null,
        "current": {
          "selected": false,
          "text": "ns-xoarz7mz",
          "value": "ns-xoarz7mz"
        },
        "datasource": "Prometheus",
        "definition": "label_values(local_namespace)",
        "hide": 0,
        "includeAll": false,
        "label": "namespaceId",
        "multi": false,
        "name": "namespaceId",
        "options": [],
        "query": "label_values(local_namespace)",
        "refresh": 2,
        "regex": "",
        "skipUrlSync": false,
        "sort": 0,
        "tagValuesQuery": "",
        "tags": [],
        "tagsQuery": "",
        "type": "query",
        "useTags": false
      },
      {
        "allValue": null,
        "current": {
          "selected": false,
          "text": "All",
          "value": "$__all"
        },
        "datasource": "Prometheus",
        "definition": "label_values(femas_http_client_requests_seconds_count{remote_service=\"$serviceName\"},local_service)",
        "hide": 0,
        "includeAll": true,
        "label": "upstream",
        "multi": false,
        "name": "upstream",
        "options": [],
        "query": "label_values(femas_http_client_requests_seconds_count{remote_service=\"$serviceName\"},local_service)",
        "refresh": 2,
        "regex": "",
        "skipUrlSync": false,
        "sort": 0,
        "tagValuesQuery": "",
        "tags": [],
        "tagsQuery": "",
        "type": "query",
        "useTags": false
      },
      {
        "allValue": null,
        "current": {
          "selected": false,
          "text": "All",
          "value": "$__all"
        },
        "datasource": "Prometheus",
        "definition": "label_values(femas_http_server_requests_seconds_count{local_namespace=~\"$namespaceId\"},local_service)",
        "hide": 0,
        "includeAll": true,
        "label": "serviceName",
        "multi": false,
        "name": "serviceName",
        "options": [],
        "query": "label_values(femas_http_server_requests_seconds_count{local_namespace=~\"$namespaceId\"},local_service)",
        "refresh": 2,
        "regex": "",
        "skipUrlSync": false,
        "sort": 0,
        "tagValuesQuery": "",
        "tags": [],
        "tagsQuery": "",
        "type": "query",
        "useTags": false
      }
    ]
  },
  "time": {
    "from": "now-6h",
    "to": "now"
  },
  "timepicker": {
    "refresh_intervals": [
      "10s",
      "30s",
      "1m",
      "5m",
      "15m",
      "30m",
      "1h",
      "2h",
      "1d"
    ]
  },
  "timezone": "",
  "title": "服务流量监控",
  "uid": "t_cI60n7k",
  "version": 3
}