{
  "annotations": {
    "list": [
      {
        "builtIn": 1,
        "datasource": "-- Grafana --",
        "enable": true,
        "hide": true,
        "iconColor": "rgba(0, 211, 255, 1)",
        "name": "Annotations & Alerts",
        "type": "dashboard"
      }
    ]
  },
  "editable": true,
  "gnetId": null,
  "graphTooltip": 0,
  "id": 21,
  "iteration": 1633938440707,
  "links": [],
  "panels": [
    {
      "datasource": null,
      "fieldConfig": {
        "defaults": {
          "custom": {
            "align": null
          },
          "mappings": [],
          "thresholds": {
            "mode": "absolute",
            "steps": [
              {
                "color": "green",
                "value": null
              },
              {
                "color": "red",
                "value": 80
              }
            ]
          }
        },
        "overrides": [
          {
            "matcher": {
              "id": "byName",
              "options": "local_service"
            },
            "properties": [
              {
                "id": "displayName",
                "value": "服务名"
              },
              {
                "id": "links",
                "value": [
                  {
                    "targetBlank": true,
                    "title": "服务详情",
                    "url": "http://119.91.83.52:3000/d/t_cI60n7k/fu-wu-liu-liang-jian-kong?orgId=1&var-namespaceId=${namespaceId}&﻿var-serviceName=${__data.fields[local_service]}"
                  }
                ]
              }
            ]
          },
          {
            "matcher": {
              "id": "byName",
              "options": "Value #A"
            },
            "properties": [
              {
                "id": "displayName",
                "value": "请求数(k)"
              }
            ]
          },
          {
            "matcher": {
              "id": "byName",
              "options": "Value #B"
            },
            "properties": [
              {
                "id": "displayName",
                "value": "平均响应耗时(ms)"
              }
            ]
          },
          {
            "matcher": {
              "id": "byName",
              "options": "Value #C"
            },
            "properties": [
              {
                "id": "displayName",
                "value": "错误率(%)"
              }
            ]
          },
          {
            "matcher": {
              "id": "byName"
            },
            "properties": []
          }
        ]
      },
      "gridPos": {
        "h": 10,
        "w": 21,
        "x": 1,
        "y": 0
      },
      "id": 2,
      "links": [],
      "options": {
        "frameIndex": 2,
        "showHeader": true,
        "sortBy": [
          {
            "desc": true,
            "displayName": "错误率(%)"
          }
        ]
      },
      "pluginVersion": "7.0.4",
      "targets": [
        {
          "expr": "sum (femas_http_server_requests_seconds_count{local_namespace=\"$namespaceId\",local_service=~\"$serviceName\"}) by (local_service)/1000",
          "format": "table",
          "hide": false,
          "instant": true,
          "interval": "",
          "intervalFactor": 2,
          "legendFormat": "",
          "refId": "A"
        },
        {
          "expr": "sum(femas_http_server_requests_seconds_sum{local_namespace=\"$namespaceId\",local_service=~\"$serviceName\"}) by (local_service) /sum(femas_http_server_requests_seconds_count{local_namespace=\"$namespaceId\",local_service=~\"$serviceName\"}) by (local_service)*1000",
          "format": "table",
          "hide": false,
          "instant": true,
          "interval": "",
          "intervalFactor": 2,
          "legendFormat": "",
          "refId": "B"
        },
        {
          "expr": "sum(femas_http_server_requests_seconds_count{local_namespace=\"$namespaceId\",http_status=~\"4..|5..\",local_service=~\"$serviceName\"}) by (local_service)/sum(femas_http_server_requests_seconds_count{local_namespace=\"$namespaceId\",local_service=~\"$serviceName\"}) by (local_service)*100",
          "format": "table",
          "hide": false,
          "instant": true,
          "interval": "",
          "legendFormat": "",
          "refId": "C"
        },
        {
          "expr": "",
          "format": "table",
          "hide": false,
          "instant": true,
          "interval": "",
          "legendFormat": "",
          "refId": "D"
        }
      ],
      "timeFrom": null,
      "timeShift": null,
      "title": "服务总览",
      "transformations": [
        {
          "id": "organize",
          "options": {
            "excludeByName": {
              "Time": true
            },
            "indexByName": {},
            "renameByName": {}
          }
        },
        {
          "id": "seriesToColumns",
          "options": {
            "byField": "local_service"
          }
        }
      ],
      "type": "table"
    }
  ],
  "schemaVersion": 25,
  "style": "dark",
  "tags": [],
  "templating": {
    "list": [
      {
        "allValue": null,
        "current": {
          "selected": false,
          "text": "ns-xoarz7mz",
          "value": "ns-xoarz7mz"
        },
        "datasource": "Prometheus",
        "definition": "label_values(local_namespace)",
        "hide": 0,
        "includeAll": false,
        "label": "namespacdId",
        "multi": false,
        "name": "namespaceId",
        "options": [],
        "query": "label_values(local_namespace)",
        "refresh": 2,
        "regex": "",
        "skipUrlSync": false,
        "sort": 0,
        "tagValuesQuery": "",
        "tags": [],
        "tagsQuery": "",
        "type": "query",
        "useTags": false
      },
      {
        "allValue": null,
        "current": {
          "selected": false,
          "text": "All",
          "value": "$__all"
        },
        "datasource": "Prometheus",
        "definition": "label_values(femas_http_server_requests_seconds_count{local_namespace=\"$namespaceId\"},local_service)",
        "hide": 0,
        "includeAll": true,
        "label": "serviceName",
        "multi": false,
        "name": "serviceName",
        "options": [],
        "query": "label_values(femas_http_server_requests_seconds_count{local_namespace=\"$namespaceId\"},local_service)",
        "refresh": 2,
        "regex": "",
        "skipUrlSync": false,
        "sort": 0,
        "tagValuesQuery": "",
        "tags": [],
        "tagsQuery": "",
        "type": "query",
        "useTags": false
      }
    ]
  },
  "time": {
    "from": "now-6h",
    "to": "now"
  },
  "timepicker": {
    "refresh_intervals": [
      "10s",
      "30s",
      "1m",
      "5m",
      "15m",
      "30m",
      "1h",
      "2h",
      "1d"
    ]
  },
  "timezone": "",
  "title": "服务指标监控(命名空间维度)",
  "uid": "tXtxs3n7k",
  "version": 1
}