<?xml version="1.0" encoding="utf-8"?>
<configuration>
    <springProperty scope="context" name="springAppName" source="spring.application.name"/>
    <appender name="STDOUT" class="ch.qos.logback.core.ConsoleAppender">
        <!-- encoder 默认配置为PatternLayoutEncoder -->
        <encoder>
            <pattern>%d{yyyy-MM-dd HH:mm:ss.SSS} %-5level [${springAppName:-},%X{X-B3-TraceId},%X{X-B3-SpanId},%X{X-Span-Export}] ${PID:-} --- [%25.25t] %-40.40logger{39} : %msg%n</pattern>
        </encoder>
    </appender>
    <appender name="Femas" class="ch.qos.logback.core.rolling.RollingFileAppender">
        <File>${LOG_FILE:-Startup}.log
        </File>
        <rollingPolicy class="ch.qos.logback.core.rolling.SizeAndTimeBasedRollingPolicy">
            <FileNamePattern>${LOG_FILE:-Startup}.%d{yyyy-MM-dd}.%i.log
            </FileNamePattern>
            <MaxHistory>30</MaxHistory>
            <maxFileSize>100MB</maxFileSize>
            <totalSizeCap>1GB</totalSizeCap>
        </rollingPolicy>
        <encoder>
            <pattern>%d{yyyy-MM-dd HH:mm:ss.SSS} %-5level
                [${springAppName:-},%X{X-B3-TraceId},%X{X-B3-SpanId},%X{X-Span-Export}] ${PID:-} ---
                [%25.25t] %-40.40logger{39} : %msg%n
            </pattern>
            <charset>UTF-8</charset>
        </encoder>
    </appender>
    <root level="info">
        <appender-ref ref="STDOUT"/>
        <appender-ref ref="Femas"/>
    </root>
</configuration>